Date,Open,High,Low,Close,ATR
2024-03-08,22040.86828859714,22176.247859116807,21821.81241725427,21842.560247468235,
2024-03-11,21816.485195820675,21852.734486437486,21409.79491904797,21580.9731663083,
2024-03-12,21534.794886211384,21691.79943790948,21442.655193084527,21689.67405367292,
2024-03-13,21739.00861779869,21747.01420406088,21670.256679703336,21689.12174595081,
2024-03-14,21652.69261199345,21778.05790906684,21630.977725461194,21742.76751307268,
2024-03-15,21767.57402186264,21911.011364445592,21515.802224688094,21518.45325672472,
2024-03-18,21465.028210673347,21544.95597536842,21360.975903024464,21483.526333482816,
2024-03-19,21439.707278164435,21535.263651224657,21402.14407337967,21418.73738721822,
2024-03-20,21349.852888586287,21409.08967498588,21182.07852138837,21296.30263868156,
2024-03-21,21281.26737723746,21337.752053857334,20960.161077536035,20988.35180126359,
2024-03-22,20999.2822324233,21048.43887093728,20862.961373837545,20953.76843058762,
2024-03-25,21004.9496924866,21188.04167377472,20889.970541280705,21087.96488143935,
2024-03-26,21117.814550416057,21291.75969560776,21105.993228767675,21153.574334225872,
2024-03-27,21168.012323828585,21203.254194354857,20985.81609718309,21069.63842939378,250.12122393369387
2024-03-28,21055.13966659105,21150.528490502416,20938.872390882527,21076.00508142234,239.92269948779045
2024-03-29,21103.17528206193,21204.924271102343,21027.563543282595,21187.034989546657,220.9527823756642
2024-04-01,21234.79582093097,21265.45488726669,20556.75489717165,20777.69827627811,253.77819275209887
2024-04-02,20752.726053390368,20804.34858458023,20679.96682337341,20770.59496164117,257.1799239556188
2024-04-03,20777.5871640402,20926.38184265853,20743.455879683606,20842.465733526664,259.7403367677102
2024-04-04,20811.76591150853,21021.88426088377,20787.341069803,20912.1582908699,248.26419757651533
2024-04-05,20883.58504812056,21062.443475273954,20863.85515719806,21051.427412102614,249.30764370022527
2024-04-08,21038.47701476177,21158.20209841944,21020.5747963234,21129.163912281365,249.62962400387187
2024-04-09,21111.903212738685,21163.705877390843,21083.07391854952,21157.025991665025,238.48484493326265
2024-04-10,21146.698232023453,21192.59213424144,21143.651590361525,21181.817934539104,215.0098140445924
2024-04-11,21232.748246505704,21263.026786008104,21182.82935997964,21237.47322725344,207.56205364239707
2024-04-12,21236.455409530787,21241.384913331127,21182.854173501848,21210.9181895858,190.45202559491605
2024-04-15,21228.6790677762,21279.022575429488,21203.616717623896,21216.6753418494,181.28138585471476
2024-04-16,21208.07295459105,21283.74045107876,21193.468489307044,21268.33382947,172.19809046899692
2024-04-17,21276.56262258232,21408.612096963046,21264.70798868153,21369.00364623489,167.35866251625598
2024-04-18,21384.922292491017,21430.471555462744,21364.563137961537,21369.512166634016,159.3977832077887
2024-04-19,21345.351830954827,21413.72804705852,21298.58450891233,21375.369776601645,117.00089378287105
2024-04-22,21397.20586723,21420.458195337367,21359.12785174947,21392.928764827346,112.49722109580502
2024-04-23,21400.954742346392,21509.689695497724,21373.465004171765,21462.682827067507,109.16141597802172
2024-04-24,21461.386731650306,21474.987223046504,21459.23013870608,21469.92210849112,93.53383692513982
2024-04-25,21472.03954030941,21550.360856196483,21471.251136563544,21537.53639616225,85.09458189867344
2024-04-26,21562.034431755164,21613.85637309204,21489.1088879584,21496.978611069408,84.1745949727878
2024-04-29,21483.96276101823,21501.97794438471,21459.85690509576,21496.609535780102,81.42381500476118
2024-04-30,21495.73146458323,21519.294575980883,21446.608040357554,21495.071425645547,83.11995727214786
2024-05-01,21515.626716713,21574.627719201584,21492.512164110925,21552.229130106025,83.18472181655203
2024-05-02,21555.510734839496,21716.3716856489,21528.31282316445,21623.36119912907,92.43673057763564
2024-05-03,21627.46227465696,21685.264827355728,21527.47775757271,21538.16314741337,98.32110286173754
2024-05-06,21543.28501256515,21599.44095433325,21429.10782900524,21485.99768225804,104.039757401473
2024-05-07,21524.13172579573,21525.33774185536,21508.932517309247,21518.20741247626,96.57089678117336
2024-05-08,21488.48456182628,21520.9169444208,21387.18412115264,21486.40213036853,101.41549719309842
2024-05-09,21500.38116709598,21549.649151501748,21374.6420102278,21395.776356970782,105.69146884508102
2024-05-10,21370.92617967197,21558.86485831114,21308.633975944464,21491.42117070317,119.1843644721365
2024-05-13,21487.039990638124,21545.766016469446,21450.316396901795,21534.16750458191,116.2718593465431
2024-05-14,21544.502967175176,21602.74274120145,21506.663531346014,21583.520379252965,122.00915402618686
2024-05-15,21549.6982361636,21553.700127314696,21512.43929104172,21550.47466731657,121.34074977660696
2024-05-16,21518.06314389203,21706.61301520789,21493.768932087383,21643.86381100404,127.63336391852603
2024-05-17,21579.52895054228,21718.246987032777,21465.96152469176,21624.65938022404,142.64510842224496
2024-05-20,21631.95967178775,21811.82468233112,21471.17005969654,21779.14156380237,161.78568606590594
2024-05-21,21728.5239308829,21774.4657070224,21623.131677157417,21684.825579110555,167.06385260549828
2024-05-22,21677.2773402582,21700.050004563465,21475.03616329083,21594.06550044412,169.70349394751142
2024-05-23,21580.92256419204,21718.92361745402,21478.628575425064,21629.11558627541,175.59692053650699
2024-05-24,21641.94117002707,21665.26537594148,21443.25480988343,21548.06971119717,179.28816630293815
2024-05-27,21505.46689421953,21699.98145663797,21455.5515622618,21653.74571245715,193.93744021571288
2024-05-28,21625.866337859366,21753.822357288955,21576.294195792336,21699.88453701063,197.06567866060297
2024-05-29,21614.13189214849,21644.14766903117,21520.10008441673,21560.028839690185,197.40691518345662
2024-05-30,21525.628541223097,21839.950420573365,21491.65121204215,21583.16097926428,204.41179562378082
2024-05-31,21623.601346287804,21793.559498656294,21293.07548496985,21528.674103887715,233.34282377512318
2024-06-03,21674.62097912003,21832.93536390136,21567.73254879451,21707.040379150432,248.21297021499518
2024-06-04,21770.89360679854,21872.60957759129,21590.811477259245,21606.29298393766,263.2641853664809
2024-06-05,21545.1631533984,21611.119499272856,21462.388564387456,21537.67945120101,258.68467477825885
2024-06-06,21425.56412546156,21976.371925124327,21362.62422140744,21724.924248005813,284.5034063051067
2024-06-07,21800.77441186927,22118.738353194283,21678.32599878293,22042.67256011357,291.6289585748761
2024-06-10,22108.76462229297,22455.958735691765,22107.0014957035,22326.711139048144,310.00583635582217
2024-06-11,22268.66161675724,22362.863889006905,22055.98181461842,22345.74414075696,315.85356729266874
2024-06-12,22247.325706194355,22407.390290554133,22132.670976726884,22396.75761716969,318.31244384968966
2024-06-13,22388.89257467712,22659.229053425337,22204.20980605671,22648.8027345507,334.95592108615944
2024-06-14,22704.28800879469,22708.125426579365,22536.66669576072,22640.04947744913,329.743695117765
2024-06-17,22603.06602110962,22635.0255089453,22407.78901951504,22494.136777691576,333.65314486329873
2024-06-18,22450.077434488736,22536.68349884712,22356.339093884388,22516.884678014445,333.6931414610725
2024-06-19,22520.871206711203,22687.641073773524,22469.82507789541,22576.83937952207,324.3729119858511
2024-06-20,22584.55226012108,22645.832162116585,22412.723154910447,22491.22814453829,305.2746972372578
2024-06-21,22439.54587901252,22561.21907968632,22071.89779216469,22269.48821926814,318.4932706306853
2024-06-24,22291.973092668748,22358.65756263243,21988.64907354619,22054.272117528624,324.79401268455644
2024-06-25,22039.26920918764,22234.26658859132,22013.15228628083,22162.34041525713,329.96425321491995
2024-06-26,22174.27875389198,22226.11829377363,22013.50775029937,22062.97567026997,301.3115989118752
2024-06-27,22046.16060882396,22195.28256223609,22009.4115828903,22052.13145719697,283.1300721214778
2024-06-28,21976.65212495208,22113.80745345265,21875.01437859131,22098.45177700901,270.6662792131309
2024-07-01,22103.5212155242,22255.72318554997,21961.292435328603,22210.330150468588,269.77689891547953
2024-07-02,22171.329121023035,22261.802700191896,22093.94968552102,22165.54629302853,262.1435918328815
2024-07-03,22252.73630289392,22346.146932185988,22217.02777297557,22259.124970019457,242.54226267494101
2024-07-04,22332.42416041056,22483.93595180092,21968.98229685539,22119.018135749804,267.0776143982899
2024-07-05,22087.08331015488,22357.690615135656,21811.03872550749,22069.042853476443,289.534145233581
2024-07-08,22133.98014090153,22218.90631374093,21922.922150161063,21936.831912704667,297.7941279919477
2024-07-09,21927.832867152072,22111.82323811143,21803.37416034641,22103.246156392936,304.26791955529785
2024-07-10,22076.141751840973,22145.65176533721,22058.42759078844,22108.428217529457,293.84757436548585
2024-07-11,22165.8477972686,22173.484687223925,21773.930959986435,21998.892584872217,287.4356057737615
2024-07-12,21960.959300787305,21988.44818037593,21742.15702850933,21945.284109927983,279.34468200780765
2024-07-15,21879.143877488867,22055.18910899476,21779.62181913141,21914.95019288848,283.23418111872627
2024-07-16,21946.149516331243,22067.767911252075,21823.32778891948,22060.504677348323,285.5077224657502
2024-07-17,22041.377744044068,22097.86436533366,21721.63265868592,21775.16795740275,299.1049172730322
2024-07-18,21823.09853699781,21906.078664165987,21489.342678740795,21562.79290900928,311.8151251704502
2024-07-19,21505.858377609668,21541.30032260064,21479.54387293068,21492.09885694496,296.73071701739536
2024-07-22,21563.85159291274,22452.41921393276,21446.214393810897,22081.8506484916,356.61298883532305
2024-07-23,22079.86179295188,22292.000034330125,21981.743304663523,22272.29557513221,365.8741381574047
2024-07-24,22217.76025165645,22379.48726165999,22170.20234140415,22258.77868765546,344.0406571081411
2024-07-25,22238.822362696614,22447.71695308432,22201.53955252765,22378.2221179917,322.5781936030341
2024-07-26,22371.292652724605,22712.023402626968,22255.860431222067,22626.51315021163,334.0195370191081
2024-07-29,22643.893192681164,22766.5422068,22554.13172743735,22608.76794113881,327.15963713322475
2024-07-30,22654.41800681025,22669.64786460272,22536.326200586394,22580.281152047075,330.45231495233594
2024-07-31,22668.359626413057,22800.045563890257,22591.772133458893,22720.380588840144,317.61022099559966
2024-08-01,22800.2043862306,22846.30383370914,22728.256012701047,22806.7077126186,308.2664844603215
2024-08-02,22860.519837225187,22966.04690797344,22825.413230621703,22909.671422779466,299.9644777097136
2024-08-05,22875.25092062286,22928.83861889386,22804.04409294643,22853.00487227409,291.41836368220174
2024-08-06,22846.977693452096,23137.211955617862,22808.817897800305,23124.86854662419,288.0013887657603
2024-08-07,23058.69374267466,23577.39789633637,22950.73409334358,23392.518631181378,302.99623287773153
2024-08-08,23426.064878281937,23519.831802182784,23417.82617637196,23486.759358018466,306.1436710865034
2024-08-09,23511.727488904675,23634.85356132809,23358.576086264617,23597.351072390404,254.00600358233274
2024-08-12,23634.860973886392,23930.111688508216,23083.41063261517,23270.475189427016,292.3234554556501
2024-08-13,23325.62628873341,23435.34547684752,23313.24958258513,23394.401555803863,289.1509816816976
2024-08-14,23459.71247999188,23572.378023871548,23358.1213340053,23373.633780803342,286.8709309180961
2024-08-15,23443.493029422727,23468.887636390034,23403.561074208483,23450.087531512105,261.0917083596526
2024-08-16,23455.691227737607,23610.589482857817,23304.72617474471,23567.199442516663,267.76691041325677
2024-08-19,23529.09799729814,23603.33904975149,23423.87799530232,23529.99149529709,271.06258115845986
2024-08-20,23559.43808180196,23568.67151349137,23069.32481976684,23296.74947021367,291.0327441499846
2024-08-21,23296.5142038372,23436.91868460972,23261.52717840607,23352.910904981087,294.56619138817405
2024-08-22,23424.10560115189,23527.51401507703,23152.53699706026,23250.66680787912,309.96889300688366
2024-08-23,23319.98085984671,23331.13909765245,23059.97159672635,23208.32110413928,320.42410550536
2024-08-26,23224.19565744605,23310.779705802623,23114.652669124906,23121.15959989381,310.97646113822856
2024-08-27,23176.758864393425,23261.865057096056,23080.12454098945,23080.20472352749,279.19622636064406
2024-08-28,23082.368024747982,23092.35113526848,22703.49439845014,22754.80473130235,297.8779096332822
2024-08-29,22819.52182393147,22896.13262061574,22743.72660301357,22895.65075409937,289.02994838604616
2024-08-30,22881.770254997497,22970.9026866864,22844.43466565071,22928.62755833577,237.58473161052072
2024-09-02,22924.242451233666,23095.40435959317,22922.71343036671,23052.65661499341,238.14334888237448
2024-09-03,23012.30266839073,23278.842787842048,22973.77537694801,23216.06385272528,244.62982895578793
2024-09-04,23202.33959670094,23248.848267805333,23132.56691304475,23227.37580340536,246.13179318249448
2024-09-05,23242.135238307696,23243.07173017531,23006.74661549984,23103.446037234484,241.16477936552033
2024-09-06,23121.20798059881,23140.067515448605,22996.44487232984,23035.394268004547,238.60489284191993
2024-09-09,23045.29607956856,23086.85338553541,22945.80428030144,22949.34687062244,213.01220794973727
2024-09-10,22944.652573053685,23056.54425160251,22902.30057408576,22912.111333199173,211.50164875781618
2024-09-11,22903.59356283719,22955.349652306937,22804.61325290344,22928.973621616813,195.4844617140108
2024-09-12,22920.274659010243,22922.22137966686,22773.30499801948,22778.304929155267,187.2345419048132
2024-09-13,22743.18842953754,22860.78127924379,22668.003227369205,22821.661055764307,186.99532870458955
2024-09-16,22812.870169748192,22915.41152416783,22583.10922828257,22637.50797861546,197.749741545922
2024-09-17,22617.22392720398,22770.016098116423,22586.72349584285,22684.757435201976,183.06658907843874
2024-09-18,22673.23144097704,22697.1456211406,22591.79267017067,22679.976218514254,179.70565574756438
2024-09-19,22594.967152233152,22713.60273848879,22517.270412246457,22649.70055970309,184.69596326232463
2024-09-20,22612.84054769963,22708.70233452316,22555.847911578727,22650.635719237434,183.27906995646586
2024-09-23,22662.97886519248,22735.798663719408,22577.663464687,22587.68949707776,172.78391196634948
2024-09-24,22603.033589468552,22658.831465504227,22510.398641256827,22520.384570643608,175.08044550112209
2024-09-25,22583.13856510605,22607.8324174166,22269.64609076116,22318.50045763149,182.35624635683416
2024-09-26,22316.247974509737,22387.534554754155,22297.479516376094,22324.014434786262,178.52998887535537
2024-09-27,22352.135588313296,22581.4700123693,22338.500020734074,22528.06419189428,186.84473690028867
2024-09-30,22559.079936689533,22744.065179801142,22548.602098960524,22716.33086783251,191.25597335672526
2024-10-01,22680.37394972748,22933.81194185099,22644.38968650308,22876.28904383057,201.16210592418324
2024-10-02,22951.49786251784,22994.79989283812,22914.86945648637,22966.52815193088,198.50797916777032
2024-10-03,22943.556074206503,22957.06556945604,22829.972758726966,22883.482172094347,194.4920749770081
2024-10-04,22891.42413926532,23265.74586316573,22873.502934331304,23093.2506507546,198.77354875909128
2024-10-07,23148.75245782668,23169.973851979983,23048.798203395087,23095.24116475898,194.33662349561433
2024-10-08,23041.48817924521,23105.319706973813,23036.35358925076,23095.857494504384,191.73756397798024
2024-10-09,23087.37212745308,23237.752358111207,23009.58304905156,23071.09534613465,194.0116341792171
2024-10-10,23057.21395629991,23122.65516880893,23038.915459546435,23091.2408145734,189.07486891622153
2024-10-11,23083.34527946205,23111.530752156643,22962.13091848037,23050.13087866453,188.4509142479263
2024-10-14,23018.55117805316,23069.520812425584,23008.675229783148,23049.80502750693,182.19468270471458
2024-10-15,23039.18928303565,23071.539898522715,22909.79632019506,22956.83163858133,169.5916292527301
2024-10-16,22955.324505664143,23016.313822048352,22879.09980665278,22933.75214618909,172.96012761112382
2024-10-17,22986.801508034903,23264.86709272804,22955.25269620742,23206.083993234686,178.2215111079747
2024-10-18,23231.359622974243,23325.99075764485,23096.024146221403,23207.80565920713,179.2190556448734
2024-10-21,23171.25861403488,23217.68483740056,23152.81709372712,23194.46382857432,163.17944766812565
2024-10-22,23178.51948642336,23264.685170132587,23046.347786649647,23258.53064143069,170.30991441636772
2024-10-23,23278.14117711469,23473.400449403427,23225.81595290168,23361.02221984748,178.2405646519271
2024-10-24,23347.69782481664,23422.32923992026,23161.669565325137,23250.16524433505,168.84176077769112
2024-10-25,23217.80156115546,23237.93685265243,23179.84441118469,23237.169732069782,165.20927396093845
2024-10-28,23254.232964534644,23398.925165936813,23206.3562442324,23338.775666434565,174.0380456738928
2024-10-29,23316.67429873945,23391.220419296453,23218.84762534058,23369.622693620127,170.05258030933743
2024-10-30,23404.32671908775,23431.499693852304,23346.371796515632,23390.287818067045,170.15173660034998
2024-10-31,23400.1811618147,23610.252022763805,23380.212058723708,23550.060883965485,175.91174591205163
2024-11-01,23582.074245610143,23590.245796374973,23415.819928669564,23490.605153332766,184.02462341654973
2024-11-04,23525.55559462992,23531.140141963635,23426.875146396924,23507.669388647584,179.91901036219653
2024-11-05,23512.79184635508,23518.195802467464,23405.72580954145,23463.03296488122,178.15158018579936
2024-11-06,23454.43440665543,23666.104517267348,23376.265069048404,23619.79874552752,175.20333030579891
2024-11-07,23639.21958381334,23660.06368414299,23417.262224516373,23433.85790233,176.12010517745406
2024-11-08,23376.25676925404,23390.16234379421,23342.41072978173,23384.771969728667,178.01863581137044
2024-11-11,23367.5308654162,23371.612331052253,23246.681716103023,23354.16016924871,172.2866979644207
2024-11-12,23373.64247572293,23465.96769355324,23323.072862446086,23427.52309160137,164.8088647219499
2024-11-13,23376.09624883403,23531.79029050251,23362.871666417017,23493.15192359328,158.25593254269083
2024-11-14,23517.72534743784,23699.895954718788,23480.08905438789,23643.561749700377,168.93350876987228
2024-11-15,23713.22254648121,23764.78676723714,23445.525453512782,23489.3903230276,177.98296534272544
2024-11-18,23481.06580113625,23635.43912338425,23409.40544545844,23573.88550561842,181.81588562629233
2024-11-19,23623.55656535512,23664.105463391144,23455.674873483527,23555.07566855597,190.6232208099313
2024-11-20,23593.38150456401,23665.836534314527,23438.081793248577,23491.793315118102,190.45999059749218
2024-11-21,23529.068383744187,23614.936524468525,23518.20689978859,23559.01478803457,186.79694357213597
2024-11-22,23514.282202848965,23605.94848329752,23405.61440907752,23469.03019300895,193.6590206187996
2024-11-25,23446.81343041745,23597.561164523864,23243.3990107204,23248.30453047901,210.9227463957603
2024-11-26,23222.38748144974,23286.965959523368,23061.748580391817,23207.537449673684,206.30688431808943
2024-11-27,23229.49371709868,23339.4392548056,22956.635163407373,22990.14809475099,216.30707230177566
2024-11-28,23056.411211508286,23103.93044480738,22820.30710004696,22894.84039404205,230.0339417455008
2024-11-29,22940.311813368426,22971.78950243085,22841.66602204825,22959.26641738265,229.46488651385465
2024-12-02,22945.26894912935,23062.38899094376,22923.42800986248,23006.6815182056,229.18389722629217
2024-12-03,23011.493770281755,23347.68335888832,22949.222680902283,23246.73490235346,245.57975821918808
2024-12-04,23166.469510352777,23263.558076626385,23074.37989220366,23221.771643235657,243.39199279717573
2024-12-05,23244.56135062909,23347.548083873386,22919.1073690072,22974.05480688755,251.19052145016343
2024-12-06,22922.47234619036,23023.384619309472,22730.43373047445,22846.03627545456,255.97032222939274
2024-12-09,22715.112894274844,22839.43185927584,22580.73786620779,22668.546239647792,260.0323093250466
2024-12-10,22647.8624967926,22836.81145790157,22222.36774496456,22401.524225926125,287.6529501729796
2024-12-11,22312.216282624504,22577.89222548247,22255.076086703983,22522.195861586748,301.9153022749841
2024-12-12,22360.261622461945,22485.064664852776,22193.6631031184,22379.048478765264,311.07235114986594
2024-12-13,22288.22315821196,22403.698641721254,21806.5085774511,21819.222778141862,328.43148761177247
2024-12-16,21712.33286363638,22245.564305212945,21592.58573154711,21988.907160073817,358.98585864993555
2024-12-17,22008.223167602617,22039.44706115449,21748.149976267705,21968.606488429432,352.4496438991183
2024-12-18,21930.798782493384,22243.08341130877,21807.6868261122,22075.797192109658,363.29058964455754
2024-12-19,22179.90102708997,22321.470554276933,22050.022058253115,22117.228878476708,373.3852336189305
2024-12-20,22346.93218032148,22456.454451593843,22320.336776025088,22379.649958896665,387.6898473357773
2024-12-23,22706.282106354392,22811.570342213618,22169.190078404576,22406.98742248153,405.1126748945634
2024-12-24,22494.738460884484,23185.145131082336,22225.18448757589,22902.8424479035,460.1685648291147
2024-12-25,23011.17063158497,23141.76358040006,22898.36678207899,23038.83029389525,446.95114221874945
2024-12-26,23056.44845915396,23180.884283105912,22861.268334029268,23178.058427231583,448.8557893788654
2024-12-27,23225.6594890045,23643.63989923092,23153.11940838281,23301.455329156262,464.94308092181825
2024-12-30,23268.857806871456,23312.9621720159,22865.92014063589,22915.505297741503,452.98581795346087
2024-12-31,22805.301885877445,22980.92649860113,22772.96764389238,22875.299160352643,444.78172623419385
2025-01-01,22830.851608554178,23017.718941764462,22663.46370022735,22825.213954283347,446.6190464533915
2025-01-02,22843.0193788725,22963.69127309364,22836.67463012327,22868.434194105568,413.85385034911553
2025-01-03,22922.806763805645,23028.54750536204,22484.65792495841,22644.43975973972,406.0617794018152
2025-01-06,22628.90666510992,23050.994533345194,22521.9051361063,22937.21726006827,423.0469445698231
2025-01-07,22952.935529092058,23078.10366388194,22951.81291838234,22963.98002712105,402.0105030424729
2025-01-08,23024.82916301033,23110.978310975774,22693.75482173866,22766.675388552027,412.4230025577082
2025-01-09,22789.06017609577,22824.4206663312,22500.32639883029,22521.046240013813,411.3421950136921
2025-01-10,22529.128677232773,22599.98272420244,22459.77868675296,22496.41374013082,375.4724645594376
2025-01-13,22558.30626367369,22565.883236136226,22424.405884886,22494.68106261266,317.0093722554219
2025-01-14,22491.84640420403,22507.342960825288,22300.59938270953,22428.27302169963,314.3912850978995
2025-01-15,22420.456722687268,22509.47534102157,22384.37090555821,22444.93177282029,300.49760555409347
2025-01-16,22435.961236034444,22557.84978703741,22381.62839695312,22393.32163946241,278.047669785249
2025-01-17,22420.47245331784,22513.74730076476,22399.987881167188,22455.55993768064,254.71792906541617
2025-01-20,22476.9017752126,22591.425288498,22343.32002428561,22387.579651783424,257.58552974424776
2025-01-21,22404.57904815744,22421.62572126168,22335.289750401687,22392.850103710807,238.4484389815963
2025-01-22,22392.334481420083,22502.00642773575,22269.082453309205,22488.041389555365,245.19462866847138
2025-01-23,22502.34416889393,22726.658598260776,22481.371022804185,22700.84473177926,223.86591402939717
2025-01-24,22671.718032128047,22736.121544733447,22625.073855058192,22636.649981785125,194.00579206056577
2025-01-27,22660.4965998966,22726.65448815409,22584.853158246297,22609.28878202408,194.07114392443196
2025-01-28,22626.932422229755,22637.41009922877,22554.646106505163,22557.363780744792,170.18117988775313
2025-01-29,22555.301183439748,22629.27800801265,22501.627533797568,22629.214458239047,156.1494803673369
2025-01-30,22632.47433585701,22640.568657699336,22522.66099018293,22537.22120185908,154.5568825149746
2025-01-31,22549.828742104703,22615.93842521603,22449.31490112725,22486.44952568192,156.3530377177285
2025-02-03,22484.850192669102,22526.975927532803,22477.60150420354,22492.35581173489,145.11238380440747
2025-02-04,22470.474789325744,22614.05797897165,22288.880330317214,22384.10727689881,159.40332760377012
2025-02-05,22400.279294098807,22404.13356870291,22120.52381834107,22278.003117832064,167.0739247664525
2025-02-06,22289.806202473228,22296.154155097003,22206.670234790752,22228.827188285297,164.8638004095883
2025-02-07,22237.92290117705,22321.780588979866,22027.38158093227,22028.50922419611,168.17049639781726
2025-02-10,22088.179869972155,22138.32054145794,21860.41536743517,21899.870361888585,181.85401090944418
2025-02-11,21867.059201731223,21986.0841507536,21841.771677799563,21863.424593874144,175.5246179471222
2025-02-12,21861.492895322022,21949.86219571396,21778.146267800425,21888.498750593924,170.26950026547533
2025-02-13,21850.246503227543,21899.69151345664,21754.266537942927,21875.87348084612,172.72502068250807
2025-02-14,21880.457578143098,21887.226465685533,21662.935356656988,21686.234519063222,178.61714776256173
2025-02-17,21658.489010492194,21689.77542651536,21571.571633170457,21632.083796797942,181.14856209265417
2025-02-18,21653.86646162603,21874.84668069136,21494.85190597731,21749.99294210072,199.17315498543758
2025-02-19,21746.50461214604,21839.44708733992,21716.88348798648,21814.28967817585,199.5057215452255
2025-02-20,21787.72558091676,21823.794510751857,21729.694934042232,21815.62037658277,194.32543958957154
2025-02-21,21830.535613926582,21834.78625050289,21753.948897766382,21760.86274569324,196.57279169008896
2025-02-24,21765.965663963936,21805.27951431756,21723.12784640128,21798.48413251252,179.21379306593502
2025-02-25,21806.5943111747,21814.44323930194,21776.65347164058,21780.84870181816,161.65522287304364
2025-02-26,21798.337859826293,21841.61112977756,21681.385048380274,21720.176032309177,166.70823437954616
2025-02-27,21705.44667032395,21763.80339916852,21624.80052925446,21678.313326524825,155.60851022715073
2025-02-28,21665.96175348376,21807.026884342675,21644.63175485913,21767.525903399222,147.35779276006335
2025-03-03,21759.850184343093,21836.291417573462,21758.88964149576,21787.4721290475,142.57845726889667
2025-03-04,21762.502052995293,21918.57854274374,21726.764474658656,21871.36088998544,144.01403870972172
2025-03-05,21857.023536151675,21860.02331282753,21820.08060823827,21846.484936791298,137.28941772639726
2025-03-06,21864.565231397737,21939.55741718731,21862.603516198345,21924.571576443064,127.91665853835912
2025-03-07,21905.57602379726,21986.002973547493,21857.166950566567,21887.08230407522,128.67610351236075
2025-03-10,21860.444092951548,21883.291160837536,21825.98605247588,21883.095197941537,105.89763757559558
2025-03-11,21896.842873867216,22233.07962377518,21818.13712973421,22128.17239490749,126.78184433899072
2025-03-12,22110.753138044853,22225.15749932899,22027.967188125687,22219.396552015467,134.14546823139634
2025-03-13,22227.92134379061,22238.24331365749,21986.27473252272,22171.052065746324,146.3691274027008
2025-03-14,22173.971016382304,22299.20993705289,22131.18157187403,22171.392387813,152.50317720717067
2025-03-17,22175.13908182646,22300.1992393341,22117.29867878029,22216.4264221742,162.86823384234543
2025-03-18,22205.08008844206,22371.317088601936,22194.81837119807,22350.103034666856,164.0305649856725
2025-03-19,22316.72567024292,22375.85694127671,22257.180467101472,22297.691078361968,162.57867957575658
2025-03-20,22282.0303349904,22368.57544553197,22074.429495413304,22123.73601572448,171.98945247826512
2025-03-21,22144.299978196934,22246.376841268244,22098.59644865024,22103.087632969145,177.01649651685798
2025-03-24,22126.34097489413,22150.77661556442,22097.984147576462,22113.521939165224,167.08638222420606
2025-03-25,22083.057024755235,22203.74278347988,22022.98613628597,22132.256898461685,176.33469404183026
2025-03-26,22140.932338478386,22431.44876888221,22063.86890878043,22302.13971877504,195.94236402081359
2025-03-27,22347.949289780223,22521.14634461228,22320.125426850256,22360.44787793516,202.3831213676931
2025-03-28,22415.769792351177,22543.09740581101,22398.97014346647,22489.185707648565,211.06549824458696
2025-03-31,22489.243049668607,22531.5135387728,22161.26808139815,22314.007445538395,207.87285276842132
2025-04-01,22364.34057988244,22618.664310559005,22241.407702996366,22477.130847452027,220.7347310798024
2025-04-02,22427.47691754888,22766.291620970544,22379.53445971363,22740.60553249077,230.36248680281253
2025-04-03,22648.0580374286,22913.10868734784,22635.910497995,22849.98109998381,238.16033138666847
2025-04-04,22831.17237689956,23059.17259662969,22820.209917817327,22892.377510797138,242.16476840513678
2025-04-07,22861.69509599061,22930.59580091856,22776.984282413803,22922.35726088463,240.52996848377188
2025-04-08,22895.276048598585,23169.75817993545,22855.86886519818,23142.28521154296,254.47374280963126
2025-04-09,23126.58791461528,23242.77163580312,22983.798124536694,23043.642638809542,251.96142574875714
2025-04-10,23071.51502810246,23108.23378980423,23006.30683860703,23039.927716477698,248.68617993298565
2025-04-11,23102.0578767872,23116.08064228097,22943.765160553405,23114.41318679251,257.2235380572433
2025-04-14,23070.89980429986,23260.06550482591,22944.79661824175,23236.73665681238,266.8315551565468
2025-04-15,23220.89150992559,23268.68348912072,23044.889626106167,23178.6710389076,256.5611267931737
2025-04-16,23139.690815665355,23248.615108148875,23097.473055146736,23247.99167687799,251.71365730495225
2025-04-17,23208.18334099802,23336.3913577093,23200.69577204717,23207.23468414249,248.3598042896865
2025-04-18,23118.81754926004,23248.22159971919,23116.67847237136,23236.93575458713,231.30963785919917
2025-04-21,23211.2340740219,23307.949619031147,23103.05009109022,23228.94723566898,218.99841788621987
2025-04-22,23322.50516389872,23456.69019024808,22891.375067689423,23047.131165553543,231.75255797920155
2025-04-23,23082.03068757964,23124.36625491093,22917.6179840598,23052.1857944133,226.7204209433647
2025-04-24,23122.26979535749,23489.62818374976,22996.68595671276,23257.06869734393,244.86181724512426
2025-04-25,23235.26024194086,23388.79770144731,22980.76040303166,23029.78489807355,263.03508723875944
2025-04-28,23176.019235927768,23259.395559643548,22900.786212539133,22980.089356469,266.2293752649842
2025-04-29,22886.122046645178,23469.948781875504,22776.39844459242,23155.07004812048,297.2705771233167
2025-04-30,22999.22800008461,23016.981274823123,22891.48050270307,22911.16300091515,308.81790528190294
2025-05-01,23041.110070330167,23087.07924421809,22959.80291603282,22961.518349246275,309.075102537287
2025-05-02,23001.330867486777,23214.169741024383,22723.834837786035,22732.318711345026,321.57981801258626
2025-05-05,22820.25381228504,23146.735617228904,22770.133488947755,23059.080418734284,335.1957496461094
2025-05-06,23066.28659200349,23779.21616128713,22896.05695526396,23773.88754479433,387.48268914761167
2025-05-07,23885.97745681624,24653.94045063888,23669.650023081114,24398.00156119306,448.0966064258711
2025-05-08,24476.91752735593,24492.305044934496,24220.61930853204,24347.200525784217,458.10679278691583
2025-05-09,24330.3202021896,24610.611578181382,24219.52800026103,24540.119484154227,471.4056534997318
2025-05-12,24567.08778291468,24774.24726175356,24462.29818035671,24587.740041777262,453.30807913103155
2025-05-13,24611.05069545267,24943.001542983275,24459.282344541924,24631.297839846688,473.09171681604755
2025-05-14,24646.61476098394,25234.82556382989,24414.316955045728,25151.71454867755,496.4893155122736
2025-05-15,25214.798668431427,25728.64692110999,24750.015021774467,24757.29167968321,537.2460727208361
2025-05-16,24645.920144674503,25198.215884580703,24264.878891194352,25034.925728790982,578.29804745526
2025-05-19,24996.06279068518,25043.802813853126,24958.433970006536,25032.62372927027,534.8565122097963
2025-05-20,25062.789722695576,25553.94995264993,24841.4212363182,25443.10197867264,566.9235958465334
2025-05-21,25364.130589161465,25754.45695592747,25215.130479500905,25503.066428788487,592.8814696410781
2025-05-22,25524.091559638124,25699.914142816844,25234.24485602955,25342.47804511815,591.1196398945742
2025-05-23,25274.05263600228,25522.141189184986,25206.641543323887,25419.795796075017,584.0541213215186
2025-05-26,25416.004469047115,25780.97447166589,25224.574004901868,25611.010198007527,560.7142113744366
2025-05-27,25638.03643236311,25708.682263753904,25563.4179269544,25628.07785067003,500.78377632027514
2025-05-28,25654.357487362155,25900.90365225044,25599.37463556816,25729.76787448865,502.91543919740536
2025-05-29,25772.37190756126,25828.405736675755,25475.092923494303,25653.38340559933,500.21752743034114
2025-05-30,25545.92739312982,25690.96364067797,25228.495777671724,25258.02441874624,510.9688689738692
2025-06-02,25243.722775389724,25519.21904146909,25053.31443237952,25420.43544434207,509.69639830588466
2025-06-03,25398.8837785991,25639.28001627715,25343.10783664899,25561.707272005588,472.24379622331304
2025-06-04,25456.529941562632,25811.66111328172,25417.67644062497,25607.114362659217,430.48328003197196
2025-06-05,25590.308421453712,25728.91949992771,25483.57496560617,25632.73234663292,381.3409615273426
2025-06-06,25562.3785504494,25924.842172872475,25561.62521093783,25857.06360730795,401.1872556764894
2025-06-09,25845.72708466329,26026.5464571134,25735.770796762,25769.752633308777,371.06203739218006
2025-06-10,25713.017205512104,25733.328799052026,25393.05806839239,25629.94531738696,359.4454722843101
2025-06-11,25664.102424910427,25698.32605076857,25428.150044857408,25605.74778584243,345.48166650744344
2025-06-12,25521.51596408116,26051.683573643928,25435.06852575222,25850.83061926905,366.9899095096298
2025-06-13,25789.86280916738,25799.83994577698,25390.81927788274,25489.954977305573,360.10497198265045
2025-06-16,25496.94743188684,26017.837176288824,25391.91157805813,25802.891226058822,394.43791922773534
2025-06-17,25777.91471613436,25896.05134217732,25528.42981280035,25656.56289208804,399.15881299164204
2025-06-18,25593.34516650568,25733.0028119952,25268.547817591247,25439.59866361565,407.0975402218207
2025-06-19,25347.45586328472,25784.62432361104,25011.3098564591,25723.0121987283,429.3008690893704
2025-06-20,25669.11174212175,25818.78088715796,25641.916431202324,25715.726889362628,408.65514386551797
2025-06-23,25665.165086202003,25690.555543006674,25504.931007868123,25526.303868041297,402.5568368559712
2025-06-24,25487.390827122355,25704.92543991621,25254.20245510976,25468.97802941474,406.6095734380927
2025-06-25,25487.938690672225,25666.04921726904,25430.254411669543,25633.055400505487,405.9274499579468
2025-06-26,25641.993671594733,25984.647231945422,25623.730636408287,25879.709161363604,405.7631380724103
2025-06-27,25911.04845979124,26015.117744294188,25477.6512222238,25782.84817848625,423.38391390948084
2025-06-30,25897.80536695731,26252.501846358864,25745.27410327188,25898.1846194282,432.7077123502378
2025-07-01,25983.66184176888,26345.91204556261,25963.68890859153,26108.411325691228,445.3899566518984
2025-07-02,26018.67660419745,26148.45214732489,25666.509156774413,25880.233555260067,435.7705239846676
2025-07-03,25795.89808367337,26041.66058222971,25395.44793410565,26014.36329187405,449.0706173230782
2025-07-04,25999.52907258428,26031.59414645871,25867.54800341811,26014.73734556195,416.0792276666429
2025-07-07,25961.01256616701,26242.578094175547,25710.80948054116,25891.374660886995,427.8040193993155
2025-07-08,25813.44108575037,25933.46403624273,25601.819422343186,25779.67348059499,418.3175636490006
2025-07-09,25972.986996295826,26034.09837848154,25678.48444551598,25810.451580364643,388.48181120711627
2025-07-10,25765.816437073587,26053.31076299445,25575.67115456676,25831.07810216757,409.96575066940596
2025-07-11,25958.70857999354,26207.58014504888,25662.880813794724,25675.21531026099,433.8159970808096
2025-07-14,25724.13208266925,25837.65460487416,25342.35899190855,25577.689176664,436.9997562350353
2025-07-15,25503.79806320212,26013.349275011104,25451.0595236006,25847.33019336824,460.3208237929643
2025-07-16,25791.1071245296,25924.769094302228,25759.714298278355,25909.73170811597,446.33069525630265
2025-07-17,25839.51119062078,26356.143909454266,25705.5266606875,26128.97192599652,454.41289002032966
2025-07-18,26236.318648969635,26723.90278256067,26140.21574976758,26433.787649617538,460.67739812584165
2025-07-21,26525.397520436232,26675.318266884024,26513.47796023316,26595.470076397432,445.9490546352757
2025-07-22,26616.62626232481,27328.317133781096,26468.49291710208,27166.515035512653,472.94057078731413
2025-07-23,27173.65012604554,27220.68574771509,26818.37060393843,26974.55056335836,455.51932047678565
2025-07-24,27003.906368549706,27229.132158833312,26848.76962651873,27189.14181769279,470.97049113921304
2025-07-25,27188.75670923331,27233.399938380466,27102.01399425682,27120.99374999157,442.3717290313029
2025-07-28,27107.025434779647,27738.14967033139,27041.73253390414,27629.63367587657,468.42690921185306
2025-07-29,27711.29755701666,28392.452635157475,27430.978138752555,28251.55131998477,511.702663743236
2025-07-30,28059.57727430405,28148.72491508781,27420.092457598166,27514.112529606693,536.9754675974442
2025-07-31,27533.01137727201,27632.506354937675,27054.452046139257,27167.375439480074,539.3579659934629
2025-08-01,27233.08934040422,27393.27106575436,27037.30700429484,27363.377834213927,529.4057123144568
2025-08-04,27481.82728403595,27783.886340219924,27379.93911264258,27606.9449048795,519.2784804998493
2025-08-05,27661.64674466829,27875.75080780758,27513.49511506777,27778.996978354648,533.364258836702
2025-08-06,27767.373107481693,27863.09696660657,27727.55405014767,27777.414707882333,496.57323510042573
2025-08-07,27730.207512913646,27905.4856697774,27708.61989448613,27881.797984185487,468.1400150095056
2025-08-08,27884.278833346656,28120.427116680963,27376.913498255104,28043.28942985901,503.9959436637465
2025-08-11,28049.57585857663,28306.38553678796,28003.766620965253,28036.83739149817,464.195565031153
2025-08-12,28096.540871967416,28257.106507207784,28055.418040589924,28228.18536040684,451.19227731207815
2025-08-13,28219.198042692948,28232.494596330245,27805.6442102588,27860.528296865643,454.5128382947111
2025-08-14,27833.66183269711,28053.67997226479,27724.301459553742,27968.64309475231,468.6551646223826
2025-08-15,27967.8444125282,28066.0561466028,27776.49826561657,27802.17920369136,439.5937892337385
2025-08-18,27807.500145177244,28072.96348375562,27739.250170246345,28047.83879602904,394.75370474119234
2025-08-19,28110.48553464363,28146.81765437219,27899.011255025096,28001.14182497556,353.064243095513
2025-08-20,27949.15747837789,28170.326715136944,27776.76317437048,27814.0925010128,339.88633109323047
2025-08-21,27797.74702158835,28059.54801409114,27675.57951369728,27895.02673919622,341.8866481599686
2025-08-22,27924.87692335569,27969.54238936211,27472.55250419735,27735.716196749105,347.34960381416596
2025-08-25,27757.205868598885,27817.029392778542,27561.126345818684,27579.84013659512,339.75298625845505
2025-08-26,27514.61781557705,27637.725814921625,27311.26096232924,27348.797443380387,353.390267410847
2025-08-27,27367.53903990998,27390.497763323183,27243.30813357453,27355.39376684564,349.8419713006601
2025-08-28,27296.206269692804,27461.077545973392,27176.643133297424,27434.15762167623,317.05059946138215
2025-08-29,27479.15165827779,27730.59764937761,27195.94441596933,27615.207379999338,333.62447928892317
2025-09-01,27667.52482281408,27738.151622359,27494.17093191148,27598.01330226097,335.3181631987736
2025-09-02,27352.22621759365,27941.295849386315,27327.022671870163,27856.57534806889,348.70550544482415
2025-09-03,27920.66712728888,28001.671979658066,27793.67086821092,27871.596263769698,340.0356910688312
2025-09-04,27886.89796112139,27981.577160907887,27652.99907571593,27860.37618218812,342.82284851209755
2025-09-05,27785.377787758287,28070.177340516264,27589.79153911865,28005.76276830408,353.2994547898361
2025-09-08,28114.124352857616,28425.71346006837,28013.400682189123,28252.07506010025,365.59547567677873
2025-09-09,28175.84524182821,28212.80859995986,28145.998352554463,28190.809458785254,345.06070187530196
2025-09-10,28195.052924186843,28214.805538896097,28104.71180967784,28159.30743975332,325.4982182199019
2025-09-11,28142.3899982174,28220.734918712096,28121.70422799783,28147.50448930973,297.07256147343804
2025-09-12,28133.00287033633,28183.393798510435,28089.401708841044,28172.32462904688,285.50749309554755
2025-09-15,28211.92855674104,28238.34770052544,28008.378892634915,28037.07786518353,278.6149184739861
2025-09-16,28016.87365491838,28377.02003834256,27923.56626521861,28224.08956078278,300.49092871507884
2025-09-17,28159.98486484157,28242.27636183742,28103.40685664984,28154.31526055262,290.0934353230511
2025-09-18,28076.20893284856,28327.21092881048,28027.714123400485,28238.09967526059,273.2965476088879
2025-09-19,28203.14767461812,28303.829601890844,28068.844434602102,28131.88149080884,272.6540102404038
2025-09-22,28121.12850520492,28231.32543133735,28082.47174692249,28196.69301614724,239.40976073316884
2025-09-23,28211.589781463423,28344.79412145262,28209.00231209424,28271.497879105245,235.13118886589993
2025-09-24,28298.74992521798,28302.97209694533,28174.144393040904,28216.963948853816,220.863304488219
2025-09-25,28155.55976831432,28625.234372726685,28116.57614984236,28606.289526845056,222.88276316584128
2025-09-26,28591.01219143073,28781.667960213304,28526.84404894942,28690.68491513093,211.087993130098
2025-09-29,28815.41694589514,29028.64849884719,28781.56782669205,28998.24495762414,227.65134142798888
2025-09-30,29015.12063206773,29381.89519029568,29004.04326332178,29152.3687948401,247.1910916746518
2025-10-01,29115.99701095048,29258.565274005578,29023.91939106728,29050.06991578912,256.87789111922547
2025-10-02,29006.54131555729,29031.00570723353,28971.54353825433,28990.192633653347,255.77319739532555
2025-10-03,28966.271334522506,29068.239032412595,28850.561600222834,29063.73912327093,254.89524198812822
2025-10-06,29051.643586640854,29169.52526248427,28840.164510798848,29086.221945137484,246.03145474251895
2025-10-07,29128.348591687907,29160.777241456857,28966.42887586711,29107.595291960548,249.99423048553086
2025-10-08,29182.453333236183,29426.886553218712,28889.93516086593,29048.98688867267,266.95527241001554
2025-10-09,29040.93853370072,29076.23490098027,28621.43509445266,28645.90326962442,282.65631806993485
2025-10-10,28665.643537013628,28691.819497070937,28505.89533298625,28608.1353170896,285.30420947492246
2025-10-13,28493.24691580992,28566.613302368685,27991.48273892028,28212.78326394551,318.77217182234665
2025-10-14,28218.30035030934,28325.156486667034,27946.24588693412,28324.41993652136,336.63523581009576
2025-10-15,28378.0786920448,28513.26229472547,28131.369769779787,28146.31753389653,327.5805431001928
2025-10-16,28309.029428538583,28674.26106562142,27688.5084521484,27923.84278474079,379.78973611513123
2025-10-17,28013.861499104325,28090.42050820928,27798.731868408227,27871.378577460928,376.48438297833076
2025-10-20,27953.82386802692,28089.420703645457,27849.29511395944,27962.51791502695,366.2326227650792
2025-10-21,27907.08382451022,28008.32668944779,27638.458350246445,27651.670138353355,375.8913696410112
2025-10-22,27560.8733071561,27691.6725240378,27223.439198577064,27295.67623625857,403.72758020715
2025-10-23,27290.56121242261,27345.76831317403,26776.79427940024,27049.15173861333,428.82019460600924
2025-10-24,27003.188118382503,27068.325911334978,26653.99364455875,26657.809200184616,434.889588541067
2025-10-27,26617.530654450125,26745.7569645952,26438.039951941657,26446.047253951245,442.9873490456238
2025-10-28,26447.291714826424,26843.60660484468,26343.72384417366,26841.626169017243,440.3395896397838
2025-10-29,26812.5100643706,26951.094880402125,26577.15291461649,26633.95752082902,434.56402958678547
2025-10-30,26642.84866754854,26774.38609829049,26582.783867236936,26769.56796515099,434.96960579884734
2025-10-31,26824.1493104015,26925.801064909305,26492.87371360965,26533.281678957137,421.846375308157
2025-11-03,26580.627741810284,26610.387267029568,26445.349514064656,26597.60370543735,406.5697433961569
2025-11-04,26596.26735361853,26804.721332355555,26420.18171621833,26554.576042209388,406.75882133841
2025-11-05,26559.424111280685,26664.707596010143,26538.33099201448,26556.151901229743,345.3748206614559
2025-11-06,26517.346624249563,26834.22615427312,26473.64427404899,26649.80408884967,350.29576640596133
2025-11-07,26589.03541090862,26928.51962192686,26558.142662404727,26886.20501620776,359.59943567996953
2025-11-10,26949.127899582712,27018.242341633508,26770.64549829583,26918.17346635507,350.8657574039932
2025-11-11,26920.398754324902,26966.37313631898,26892.25134978444,26942.85800899157,322.7149331949791
2025-11-12,26857.8275020176,26891.725458090885,26691.497448954404,26824.39749005676,300.028256499506
2025-11-13,26762.41229378128,26974.162574406942,26725.480790716563,26898.10530498046,288.19607913623105
2025-11-14,26977.125976446387,27006.4606391618,26868.53595950868,26881.17415026256,276.06805535048653
2025-11-17,26916.18982312448,27012.879860211506,26878.65483696805,26979.55338294197,249.94964553423182
2025-11-18,26999.719583836057,27028.72141381062,26884.55846008323,26986.124630766382,233.53685895864302
2025-11-19,27055.052736996266,27216.72581159292,27013.72733530095,27193.004415946496,236.32249822814188
2025-11-20,27203.921460749178,27304.455631415287,26902.67057433557,26989.92251532587,234.09804864100337
2025-11-21,26969.04387149902,27012.47890864255,26953.28206797716,26959.290115323427,226.53798347675183
2025-11-24,27002.186483361103,27118.266358165576,26964.523805695088,27082.03831347509,210.42631395567489
2025-11-25,27107.04705913068,27197.186169086344,27025.1487247583,27044.144447636245,213.68780255084494
2025-11-26,27005.50909467899,27092.7171691451,26909.132506979506,26946.436350206222,201.0451441180924
2025-11-27,26947.05457625049,27047.4219391178,26915.22265458892,26923.91237203319,184.03245304714594
2025-11-28,26891.8462558704,26950.87276961246,26731.632223399552,26741.60927746456,182.0070032525195
2025-12-01,26707.63605973448,26846.21314898596,26647.285146894763,26768.80062606963,190.92173293513795
2025-12-02,26740.607254616472,27273.69401756098,26712.247931047743,27163.255306540286,213.07069911200026
2025-12-03,27148.312227132952,27369.87048309111,27075.55397263609,27357.902446640142,216.33032245233153
2025-12-04,27339.558899619456,27352.88993779327,27087.663525085707,27214.78436826032,225.781339730997
2025-12-05,27277.34767161178,27298.947081707392,26969.494487737204,27103.86493714308,239.7261662114779
2025-12-08,27102.00514404983,27134.70805279233,26980.672423410742,27056.597363770223,240.43135732963492
2025-12-09,27071.503853844475,27484.23807874386,27046.66244711341,27237.69017580235,255.21524667277143
2025-12-10,27183.82942738848,27301.25473658107,27088.00369391286,27125.06823542872,241.74853135766404
2025-12-11,27111.24152484775,27383.121783482,26940.11734181278,27031.085945628885,269.16336000079485
2025-12-12,27060.48692368993,27204.9564979969,26990.19278160926,27147.55047807652,273.1481795397584
2025-12-15,27216.964473032047,27280.15653464644,27139.987892243746,27276.3798679002,270.87183654509056
2025-12-16,27249.807173744623,27275.08533308536,27167.15342109561,27242.65614070049,265.560535447876
2025-12-17,27253.614158831613,27328.330076289083,27128.6343841854,27148.88093323292,270.3817074175048
2025-12-18,27143.60363297103,27190.84340990738,26985.142245603405,27010.202057647737,269.41460870972384
2025-12-19,26995.878437833544,27107.10108493099,26859.599071538527,26938.29148979136,272.8841809455285
2025-12-22,26989.325226028785,27076.724943839003,26720.79294881029,26733.64691711932,258.20460298234815
2025-12-23,26749.26594438186,26840.902290973805,26686.515383992813,26808.17246767096,248.20963130563203
2025-12-24,26800.46397074633,26807.21723770481,26730.049758348006,26768.417897569747,234.48704471766905
2025-12-25,26754.667057506,26862.836752392013,26711.91644464748,26813.22520683121,221.73473855869375
2025-12-26,26839.77205353727,26990.828901168792,26810.5247549664,26973.04990826368,223.61106118875094
2025-12-29,26982.190031057948,27076.384919872704,26944.54622243276,27071.4723956106,201.77270874657188
2025-12-30,27044.948563556416,27049.885957177103,26993.86111245209,27000.61627859487,192.08415449587872
2025-12-31,26973.308672122337,27093.15562403235,26971.59012383968,27082.54208171646,169.12423010469658
2026-01-01,27073.03098346652,27200.956358430623,27007.262577204896,27182.59842595909,167.6192347359886
2026-01-02,27181.20244747544,27203.656763685365,27113.78323670513,27128.565845394176,164.0267264915271
2026-01-05,27153.88644189677,27210.39350601164,26993.54344916877,27064.482591480468,171.71412720854693
2026-01-06,27069.42184295141,27088.22917154611,26980.076152039,27067.66925597215,165.17536488022026
2026-01-07,27077.89547749277,27106.88350232628,26963.00248742139,26989.73771883292,160.75963992314297
2026-01-08,26969.77365667492,27186.09963090997,26846.57972306729,27115.94290517188,167.3323466695869
2026-01-09,27123.613788610888,27157.27785106902,26910.74279856888,26937.27804458601,159.5182793461172
2026-01-12,26983.73101937805,26998.2972817316,26790.793435634136,26853.22533347114,163.3123464258653
2026-01-13,26825.758127479807,26914.29392210129,26749.472424635504,26839.847560074755,169.50511700749615
2026-01-14,26882.086960116063,26911.34093153475,26815.86378596548,26828.812696790606,165.54489113783424
2026-01-15,26833.81667710058,26897.57508012509,26741.152439133744,26856.130660769115,163.8390693370454
2026-01-16,26883.65249354186,26946.82257414763,26852.23055354925,26904.55864802021,161.178592419791
2026-01-19,26942.86171923045,26979.779397052524,26834.70981148627,26889.19825317732,165.9970425917727
2026-01-20,26854.19680224972,27043.64978139987,26723.213477224093,27013.10581109178,180.20210001913725
2026-01-21,26999.316989665465,27006.16875224124,26786.079870864603,26833.51789155022,182.58296851924075
2026-01-22,26855.33244753026,26883.790725415733,26770.433563640923,26844.15572974595,184.26037100456753
2026-01-23,26857.61556539301,26921.124048864887,26746.58560564107,26790.83389137363,181.23811288892102
2026-01-26,26808.240898292574,26834.284662587856,26756.811232069897,26815.49303047108,179.04671367541025
2026-01-27,26905.37764038957,26949.757214066845,26805.86089908404,26847.138197126387,179.04780653811835
2026-01-28,26825.54115803277,26856.54640209488,26733.117112639724,26784.40938151814,163.61276236758098
2026-01-29,26771.62604711541,26824.034386267485,26712.0432772891,26743.710960406203,154.00248068745583
2026-01-30,26737.19750544412,26899.09363432068,26648.627710723154,26836.645037935465,157.07120050888884
2026-02-02,26807.712573630284,26891.30378348603,26805.17322629592,26872.01122640372,151.4504190606263
2026-02-03,26896.94011092948,26947.696873194807,26810.9692598082,26827.523338278315,154.39688104757911
2026-02-04,26842.173340643145,27049.42332041584,26742.340131299108,26986.431508480546,165.158348770821
2026-02-05,27018.987488337632,27217.6788717871,26955.629681489903,27205.96631079554,177.11957517787909
2026-02-06,27215.13942630478,27305.41420440737,27061.225732467752,27098.845298448865,184.1994956331195
2026-02-09,27117.085189115493,27137.771747452985,27093.16518215446,27134.095840622875,164.4973714276018
2026-02-10,27153.656577830345,27359.131651029744,27141.94158446889,27316.393455654943,164.35521929757982
2026-02-11,27306.98714880745,27408.574915379708,27289.477730685303,27376.557005603543,164.7652209346938
2026-02-12,27351.924974245667,27500.0700333272,27322.912864259404,27405.697482385203,164.95227278069225
2026-02-13,27464.3655367522,27528.87502835753,27360.387522159934,27396.119388417646,171.4532781863805
2026-02-16,27361.46824967808,27438.94771550121,27345.606719518204,27354.83326860361,167.84218397210913
2026-02-17,27372.745948359905,27440.12154201066,27284.345746672763,27346.95653780545,170.1526486780193
2026-02-18,27330.34364922831,27335.810024908093,27303.72689735703,27319.54743816146,165.2411152115931
2026-02-19,27331.95548930483,27457.17296044471,27264.412774046323,27382.15014937401,161.11927684022598
2026-02-20,27394.512803173617,27413.24377316157,27318.72268045449,27363.797139718125,161.71860080572358
2026-02-23,27324.90357627231,27403.38913564328,27299.881493150748,27340.87630862701,159.34574574186107
2026-02-24,27332.75460445827,27386.642365260952,27231.04554605625,27256.140504184208,148.52529074814447
2026-02-25,27289.296042579103,27303.315116108013,27238.67650865241,27263.454388429243,134.4245348308879
2026-02-26,27293.41834674801,27313.91300280292,27206.108184144952,27208.072974542843,124.68284531077006
2026-02-27,27193.90862395108,27277.18491165178,27139.34966181048,27204.82707799126,131.3420370638253
2026-03-02,27190.44295621032,27332.544272047424,27169.112500786,27319.393906628982,126.94174855343643
2026-03-03,27342.20194925057,27399.040526958262,27323.980100950623,27380.61091673384,124.12385109878467
2026-03-04,27338.68147933212,27640.750993615857,27295.327642970904,27461.405190463825,136.1428640685816
2026-03-05,27425.06926704392,27567.17652126811,27404.158130769443,27517.469824676307,135.75221294722957
2026-03-06,27469.17220960033,27622.30834995797,27461.380238871367,27536.05119373128,140.57986402605795
2026-03-09,27540.27046084449,27588.086293354914,27495.187635959464,27531.50772427773,136.08863988731173
2026-03-10,27524.13420978041,27592.67084639581,27505.202912981567,27507.93995304976,139.2485179562991
2026-03-11,27573.095106723304,27653.02430757504,27492.36894206505,27606.30245999497,136.95531646427065
2026-03-12,27648.32535405861,27739.714797861423,27456.62420201114,27506.805381823146,150.4245666887855
2026-03-13,27577.282338216155,27681.701968069297,27559.53251081911,27673.564564315675,155.5237769569012
2026-03-16,27665.361445863386,27731.43960821448,27661.71995246005,27688.59329893152,149.3896938533105
2026-03-17,27681.858386467407,27779.59746166097,27549.367916344647,27604.40279096892,161.21761798621915
2026-03-18,27564.704678855207,27625.0698389654,27499.68649676347,27553.23900648918,162.47322681078782
2026-03-19,27591.564376303864,27666.68923210852,27409.23551633903,27485.0043986736,171.01740294851567
2026-03-20,27500.1566300934,27623.50736193467,27421.67734903178,27512.695040889343,173.76013449433464
2026-03-23,27519.557731420475,27537.01425872449,27348.2862892738,27448.268456773825,181.55165943157823
2026-03-24,27426.66120756805,27642.12174899508,27398.312847818703,27573.991473849936,174.2934844695371
2026-03-25,27550.502974882816,27606.949702300928,27435.82474597398,27500.112893366306,174.87252488584298
2026-03-26,27533.067845011545,27585.813548669103,27252.99605518176,27256.870612812952,187.1503379144672
2026-03-27,27285.86089031276,27322.76661541861,27156.910150775173,27199.064375675505,192.36160986075214
2026-03-30,27223.467847325315,27315.53560883274,26943.979869530503,27011.87056714236,212.6535959956088
2026-03-31,26946.687200333552,27092.04505406389,26895.874248546126,27019.25658896293,215.19041313902122
2026-04-01,27015.93818686137,27144.63049353136,27008.875991831483,27114.943039849964,204.66640641399212
2026-04-02,27097.910144300004,27185.62824979393,27051.12294830192,27178.16806860555,201.78131464583905
2026-04-03,27177.29123613788,27201.270092067527,27005.326698923967,27105.50550591945,210.79729588791972
2026-04-06,27121.9707882608,27155.63623414191,27024.80169638313,27064.995295050576,203.6976524909525
2026-04-07,27055.35440468623,27278.2533038328,27023.209415258585,27205.871518472977,212.9591200889728
2026-04-08,27189.081648168347,27281.012958294366,27169.676877427893,27240.805825993408,202.52214616732869
2026-04-09,27222.99204160833,27312.33802039132,27169.964409520235,27251.927175146586,198.27526030791392
2026-04-10,27250.42937921212,27351.79859536356,27199.2244784777,27342.086760614897,195.69284226756903
2026-04-13,27329.04835870376,27565.75975951924,27318.390742801494,27521.85768197683,195.94713623480962
2026-04-14,27521.75943514128,27709.352658776683,27467.077517064405,27624.22632076438,201.02929233376173
2026-04-15,27639.56791157485,27702.65188829884,27631.024264888463,27644.80471875453,182.85844047998424
2026-04-16,27661.803734456866,27700.300075483505,27645.246687585503,27682.12138218984,174.97550420037962
2026-04-17,27669.052391830024,27772.055739212803,27655.537253690047,27733.62724152878,156.7585575018454
2026-04-20,27728.5451952984,27742.79898067384,27676.120777508324,27700.27583898929,147.5090859052564
2026-04-21,27707.84219308665,27746.8098270595,27548.14080048353,27628.50683051924,152.00298053926312
2026-04-22,27634.724637549003,27644.2087106526,27563.25036736057,27643.70170896469,148.17819781069323
2026-04-23,27668.066091809425,27672.252073536427,27553.942710274343,27579.44804501806,142.63290996201638
2026-04-24,27550.29965935957,27619.72840228981,27427.147608331063,27584.812673227952,147.04335683344237
2026-04-27,27611.937378063125,27696.32813824832,27572.5969634088,27602.881933867186,137.66387728096404
2026-04-28,27581.805900681127,27860.801967737945,27571.9092073938,27811.12480593064,150.34649724365485
2026-04-29,27818.47336253224,27852.241331495272,27646.0678760139,27743.80316519263,154.90362900153247
2026-04-30,27754.60159690829,27807.669945736103,27706.54503073409,27742.587916200195,151.2286860098289
2026-05-01,27766.29395642301,27776.47550813042,27704.633142839648,27735.402192820064,138.6910680507595
2026-05-04,27732.40016220833,27795.848853373307,27720.44454777224,27791.96694787521,126.77172261424441
2026-05-05,27804.577473051108,27944.37502128581,27758.03164612478,27912.399356803075,134.48013744471402
2026-05-06,27939.2199565548,28060.97044584286,27820.38670186505,27864.751393391714,147.70073653391668
2026-05-07,27925.916628997835,28139.216265784857,27713.1388631718,27767.74431180824,169.81208775465242
2026-05-08,27796.24402779791,27933.02564642496,27335.85015167424,27551.1888892686,207.70475143930994
2026-05-11,27463.893493096435,27560.79107689933,27352.75934258122,27457.8038051614,208.37351627803426
2026-05-12,27492.58611404174,27553.3128561754,27465.471036847903,27536.491253263583,209.41285254388927
2026-05-13,27494.68642311553,27629.92540997004,27390.33252360211,27554.50900640188,218.0759613371642
2026-05-14,27539.478420935204,27648.82953551243,27256.743417186524,27379.05242886738,232.326341649104
2026-05-15,27358.181531982256,27377.004755539347,27164.87714103218,27318.633624231632,238.78663543450992
2026-05-18,27371.89611394612,27403.07252277094,27195.61820327976,27334.27502594528,232.9696039450126
2026-05-19,27331.742897672106,27519.08420943686,27260.84438966134,27435.48685427666,236.6886299660234
2026-05-20,27439.565181861723,27514.993150426693,27238.55003251398,27341.06106934156,249.21135874535918
2026-05-21,27315.16671947492,27393.369423659264,27311.95062933776,27321.218906718324,249.89538939041137
2026-05-22,27355.224349200133,27398.24607883234,27049.970087956168,27090.12674343413,269.3862240529189
2026-05-25,27052.7174557132,27090.24010618969,26915.1278906414,26976.00998893744,268.5839983662944
2026-05-26,27035.049366524723,27208.43728930072,27021.13187366686,27136.530576732446,268.00139525097075
2026-05-27,27130.986090699844,27151.417012981005,26953.472663485984,26954.930605074183,251.70617717111105
2026-05-28,27003.63445566719,27066.46253154512,26872.435896987736,26928.12997778565,222.90983001444405
2026-05-29,26905.69889767175,27051.845840848884,26885.599237051807,26962.64209438126,219.92517783437012
2026-06-01,26954.494452150782,27037.907267072394,26902.18739815968,26929.43963693769,222.79737911284974
2026-06-02,26916.30167861317,26959.61392190878,26629.09238330257,26813.32846310133,229.29228284415538
2026-06-03,26865.751838363296,27012.431099234265,26742.62786699202,26811.61843848908,220.55779098103682
2026-06-04,26766.991830845323,26908.49482972306,26758.762948924104,26821.26710917682,215.9546904784477
2026-06-05,26822.163095418888,27017.378345769648,26805.835989007966,26815.9994030552,216.24669314062626
2026-06-08,26745.31104521312,26774.728865838115,26490.135915196686,26525.25406867488,221.07695514655435
2026-06-09,26524.49212488228,26703.456021272374,26468.029198180848,26514.254249987684,218.14721980218383
2026-06-10,26542.492240334846,26555.98140973108,26371.072378224228,26389.343206877053,225.53937960113737
2026-06-11,26438.53320534844,26550.71723473925,26174.14858908249,26306.67341815325,227.56028351403646
2026-06-12,26362.029020477672,26415.975484534083,26255.937447898832,26356.801659241915,226.48355644881954
2026-06-15,26385.66681289392,26653.263815503644,26240.41604227753,26499.176850496275,239.37073308187897
2026-06-16,26600.71774929965,26703.628474778056,26442.97342868394,26675.533024218134,243.85006855324278
2026-06-17,26694.84336906089,26735.01624402069,26389.67520847063,26594.17786357517,254.65824005271966
2026-06-18,26450.158787013537,26999.29032591355,26415.975298085217,26797.72210528757,284.44884176923784
2026-06-19,26794.37994574931,27113.6479594104,26754.796175980333,27079.00301069893,300.38683566333435
2026-06-22,27128.55179696808,27746.87557068912,27078.90641256153,27400.272946353107,324.4902370577186
2026-06-23,27327.487019817243,28032.283663983624,27231.27287018699,27815.451556907494,362.43363431160367
2026-06-24,27805.27893882877,27849.382401763363,27545.394171239303,27786.258863497704,373.4519450062541
2026-06-25,27744.48992812482,28095.6051497604,27562.154515201066,27747.0621367447,396.44539342037206
